{"_runtime":514,"epoch":1,"train_acc":0.99,"_step":0,"_wandb":{"runtime":514},"val_loss":5.102262844085693,"_timestamp":1.7757521545597115e+09,"train_loss":5.211777877807617,"val_acc":2}